de_path,en_path
oeffentlich/produkte/oele-farben/leinoel-tung/leinoel.md,
oeffentlich/produkte/hohe-vertaefelungen/berlin-mommsenstrasse.png,public/products/high-wainscoting/berlin-mommsenstrasse.png
oeffentlich/produkte/oele-farben/beeck/standoel/sip-m/klassikgruen.md,
oeffentlich/produkte/oele-farben/leinoel-tung/citrusterpene.md,
oeffentlich/produkte/halbhohe-vertaefelungen/rom-petersdom-petrusgrab.md,
oeffentlich/faq/themen/profilierte-wandleisten-holz.md,
oeffentlich/produkte/hohe-vertaefelungen/hamburger-michel.png,
oeffentlich/produkte/halbhohe-vertaefelungen/berlin-invalidenstrasse.png,public/products/dado-panel/berlin-invalidenstrasse.png
oeffentlich/faq/index.md,public/faq/index.md
oeffentlich/produkte/hohe-vertaefelungen/london-va-morris-room.png,public/products/high-wainscoting/london-va-morris-room.png
oeffentlich/produkte/halbhohe-vertaefelungen/weimar-goethehaus.md,
oeffentlich/faq/themen/tuer-fensterrahmen.md,
interne-prozesse/Visualisierung-Prozess.png,
oeffentlich/produkte/halbhohe-vertaefelungen/leipzig-ludwigstrasse.md,public/products/dado-panel/leipzig-ludwigstrasse.md
oeffentlich/produkte/zubehoer/Montage-Clip.jpg,
oeffentlich/produkte/leisten/wandleisten/wl-01.md,
oeffentlich/produkte/oele-farben/leinoel-tung/balsamterpentinoel.png,
oeffentlich/produkte/halbhohe-vertaefelungen/berlin-sophienstrasse.md,public/products/dado-panel/berlin-sophienstrasse.md
oeffentlich/produkte/oele-farben/leinoel-tung/citrusterpene.png,
oeffentlich/produkte/hohe-vertaefelungen/luebeck-schiffergesellschaft.md,public/products/high-wainscoting/luebeck-schiffergesellschaft.md
index.md,public/faq/index.md
README.md,public/faq/README.md
oeffentlich/faq/ablaeufe/lieferung.md,
docs/roadmap.md,
oeffentlich/produkte/README.md,public/faq/README.md
interne-prozesse/Montage.md,
oeffentlich/faq/themen/beeck-standoelinnenfarbe-pro.md,
oeffentlich/produkte/leisten/sockelleisten/sl0001.md,public/products/mouldings/skirtings/sl0001.md
oeffentlich/produkte/oele-farben/leinoel-tung/leinoelfirnis.md,
oeffentlich/produkte/halbhohe-vertaefelungen/readme.md,
oeffentlich/produkte/halbhohe-vertaefelungen/berlin-bleibtreustrasse.md,public/products/dado-panel/berlin-bleibtreustrasse.md
interne-prozesse/Montage-Anleitung.pdf,
oeffentlich/produkte/oele-farben/leinoel-tung/reines-leinoel.png,
oeffentlich/produkte/halbhohe-vertaefelungen/berlin-sophienstrasse.png,public/products/dado-panel/berlin-sophienstrasse.png
oeffentlich/faq/produkte/p0003.md,
oeffentlich/produkte/halbhohe-vertaefelungen/alte-nationalgalerie.png,
oeffentlich/produkte/oele-farben/leinoel-tung/tungoel.md,
oeffentlich/produkte/produkte.de.json,
oeffentlich/faq/themen/restaurierung-reproduktion-vertaefelungen-holzleisten.md,
oeffentlich/produkte/hohe-vertaefelungen/shaker-peg-rail.md,public/products/high-wainscoting/shaker-peg-rail.md
oeffentlich/produkte/oele-farben/leinoel-tung/leinoelfirnis.png,
oeffentlich/produkte/oele-farben/beeck/standoel/vorstreichfarbe/vsfp.md,public/products/oil-paints/beeck/stand-oil/undercoat/vsfp.md
oeffentlich/produkte/halbhohe-vertaefelungen/nadelstreif-und-zierstab.png,
oeffentlich/README.md,public/faq/README.md
oeffentlich/faq/themen/tungoel.md,
oeffentlich/produkte/oele-farben/beeck/standoel/sip-v/weis.md,
oeffentlich/produkte/hohe-vertaefelungen/london-va-morris-room.md,public/products/high-wainscoting/london-va-morris-room.md
oeffentlich/produkte/hohe-vertaefelungen/luebeck-schiffergesellschaft..png,
oeffentlich/produkte/oele-farben/leinoel-tung/reines-leinoel.md,
oeffentlich/produkte/lueftungsrosetten/blr1.md,public/products/rosettes/blr1.md
oeffentlich/produkte/leisten/Klassische-Leiste.jpg,
oeffentlich/produkte/halbhohe-vertaefelungen/berlin-winsstrasse.png,public/products/dado-panel/berlin-winsstrasse.png
oeffentlich/produkte/oele-farben/leinoel-tung/tungoel-natur.png,
oeffentlich/produkte/oele-farben/leinoel-tung/tungoel-natur.md,
interne-prozesse/Fertigung.md,
oeffentlich/produkte/hohe-vertaefelungen/berlin-mommsenstrasse.md,public/products/high-wainscoting/berlin-mommsenstrasse.md
oeffentlich/produkte/halbhohe-vertaefelungen/leipzig-ludwigstrasse.png,public/products/dado-panel/leipzig-ludwigstrasse.png
oeffentlich/produkte/halbhohe-vertaefelungen/luebeck-rathaus-langeshaus.png,
oeffentlich/faq/themen/sockelleisten.md,
oeffentlich/faq/README.md,public/faq/README.md
interne-prozesse/Angebotserstellung.md,
oeffentlich/produkte/oele-farben/leinoel-tung/balsamterpentinoel.md,
allgemeine-informationen/glossar.csv,
oeffentlich/faq/ablaeufe/planung-bestellung.md,
interne-prozesse/Visualisierung.md,
oeffentlich/produkte/halbhohe-vertaefelungen/rom-petersdom-petrusgrab.png,
oeffentlich/faq/themen/holzvertaefelung-altbau.md,
oeffentlich/produkte/halbhohe-vertaefelungen/allgemein.md,
oeffentlich/produkte/halbhohe-vertaefelungen/alte-nationalgalerie.md,
oeffentlich/produkte/hohe-vertaefelungen/shaker-peg-rail.png,public/products/high-wainscoting/shaker-peg-rail.png
oeffentlich/produkte/oele-farben/leinoel-tung/tungoel.png,
oeffentlich/faq/themen/leinoel.md,
oeffentlich/produkte/halbhohe-vertaefelungen/nadelstreif-und-zierstab.md,
oeffentlich/faq/themen/lueftungsrosetten.md,
allgemeine-informationen/geschichte-der-holzvertaefelung.md,
oeffentlich/produkte/hohe-vertaefelungen/hamburger-michel.md,
oeffentlich/produkte/halbhohe-vertaefelungen/berlin-winsstrasse.md,public/products/dado-panel/berlin-winsstrasse.md
oeffentlich/produkte/halbhohe-vertaefelungen/berlin-invalidenstrasse.md,public/products/dado-panel/berlin-invalidenstrasse.md
oeffentlich/produkte/halbhohe-vertaefelungen/weimar-goethehaus.png,
oeffentlich/produkte/halbhohe-vertaefelungen/luebeck-rathaus-langeshaus.md,
oeffentlich/produkte/leisten/tuerbekleidungen/tr01.md,public/products/mouldings/door/tr01.md
oeffentlich/produkte/halbhohe-vertaefelungen/berlin-bleibtreustrasse.png,public/products/dado-panel/berlin-bleibtreustrasse.png
oeffentlich/faq/ablaeufe/herstellung.md,
oeffentlich/produkte/zubehoer/Montage-Clip.md,
,public/faq/topics/wall-mouldings.md
,public/products/high-wainscoting/hamburg-michel.md
,public/products/products.en.json
,public/products/oil-paints/oil-tung/citrus-terpenes.png
,public/products/high-wainscoting/luebeck-schiffergesellschaft.png
,public/faq/topics/tung-oil.md
,public/products/dado-panel/general.md
,public/faq/topics/linseed-oil.md
,public/faq/topics/wood-panelling.md
,public/products/oil-paints/oil-tung/turpentine-oil.md
,public/products/dado-panel/luebeck-townhall-hallway.png
,public/products/oil-paints/oil-tung/tung-oil-natural.md
,public/products/oil-paints/beeck/stand-oil/sip-v/white.md
,public/faq/processes/manufacture.md
,public/products/dado-panel/rome-st.peters-basilica-st-peterstomb.md
,general-information/Glossary.csv
,public/products/oil-paints/oil-tung/turpentine-oil.png
,public/faq/topics/restoration-reproduction-panelling-trims.md
,public/products/dado-panel/weimar-goethe-townhouse.md
,internal-processes/Production.md
,public/faq/topics/skirtings.md
,public/products/dado-panel/rome-st.peters-basilica-st-peterstomb.png
,public/products/dado-panel/berlin-alte-nationalgalerie.md
,public/products/oil-paints/oil-tung/linseed-oil.md
,public/products/oil-paints/oil-tung/tung-oil.md
,public/products/oil-paints/oil-tung/pure-linseed-oil.png
,internal-processes/Quotation.md
,public/faq/topics/ventilation-rosettes.md
,public/products/dado-panel/pinstribe-and-trim.md
,public/products/dado-panel/pinstribe-and-trim.png
,public/products/oil-paints/beeck/stand-oil/sip-m/classic-green.md
,internal-processes/Installation.md
,internal-processes/Visualization.md
,public/products/mouldings/wall/wl01.md
,public/faq/processes/delivery.md
,public/products/high-wainscoting/hamburg-michel.png
,public/faq/products/p0003-green-dining-room.md
,public/products/dado-panel/weimar-goethe-townhouse.png
,public/products/oil-paints/oil-tung/pure-linseed-oil.md
,public/products/oil-paints/oil-tung/linseed-varnish.md
,public/faq/processes/planning-ordering.md
,public/products/oil-paints/oil-tung/citrus-terpenes.md
,public/faq/topics/beeck-stand-oil-paint.md
,public/products/oil-paints/oil-tung/linseed-varnish.png
,public/products/dado-panel/luebeck-townhall-hallway.md
,internal-processes/Visualization-Process.png
,public/faq/topics/profiled-door-window-surrounds.md
,general-information/History-of-Wood-Paneling.md
,public/products/dado-panel/berlin-alte-nationalgalerie.png
,internal-processes/Installation-Guide.pdf
,public/products/oil-paints/oil-tung/tung-oil-natural.png
,public/products/oil-paints/oil-tung/tung-oil.png
